{
  "weights": {
    "room_density": 0.20250147365740237,
    "path_density": 0.20352355076055767,
    "obstacle_density": 0.10634665457189615,
    "avg_room_size": 0.26153860293372133,
    "connectivity": 0.22608971807642264
  },
  "iteration": 3,
  "learning_rate": 0.1
}