{
  "weights": {
    "room_density": 0.24252039891205804,
    "path_density": 0.23753399818676338,
    "obstacle_density": 0.13916591115140525,
    "avg_room_size": 0.20172257479601088,
    "connectivity": 0.17905711695376247
  },
  "iteration": 1,
  "learning_rate": 0.1
}